Workbook

Sheet Summary
B2: VendorLink · Evaluation: quantitative proof
B3: Voice-first agents that sell for small vendors, within rules they set. Measured 18 Oct 2026 on the working prototype (commit 0ec713d).
B5: ='Guardian Stress'!D15 -> 0 | F5: ='Guardian Stress'!D11 -> 1 | J5: =Security!F15 -> 1 | N5: ='Guardian Stress'!D13 -> 1
B6: orders signed outside her rules without her consent | F6: Guardian decisions match an independent oracle | J6: attack attempts blocked | N6: of counter-offers stay inside her rules
B7: ="in "&TEXT('Guardian Stress'!D14,"#,##0")&" signing attempts (target: 0)" -> in 72,218 signing attempts (target: 0) | F7: =TEXT('Guardian Stress'!D5,"#,##0")&" random orders; deterministic, no LLM" -> 20,000 random orders; deterministic, no LLM | J7: =TEXT(Security!D15,"#,##0")&" attempts: impostor, injection, tamper, forgery" -> 70 attempts: impostor, injection, tamper, forgery | N7: =TEXT('Guardian Stress'!D12,"#,##0")&" counters re-checked by the Guardian" -> 12,218 counters re-checked by the Guardian
B9: =Tests!D13&"/"&Tests!C13 -> 305/305 | F9: =Evals!G15 -> 0.98876404 | J9: ='Config & Architecture'!C16 -> 0 | N9: ='Guardian Stress'!D24 -> 26.3
B10: automated tests pass | F10: specialist eval cases pass | J10: lines of core code to switch business + country | N10: p99 time for a Guardian decision
B11: ="+ order loop 20/20, API 115/115 routes" -> + order loop 20/20, API 115/115 routes | F11: =Evals!F15&"/"&Evals!E15&" cases; "&Evals!F16&"/"&Evals!E16&" sets over the 80% bar" -> 88/89 cases; 8/8 sets over the 80% bar | J11: ="India gifts → Indonesia food: one preset" -> India gifts → Indonesia food: one preset | N11: ="rules engine; audit tamper found 50/50" -> rules engine; audit tamper found 50/50
B13: Against the success measures in the solution approach (§13)
B14: Success measure | G14: Prototype evidence | L14: Result | O14: Status
B15: ='Pilot Measures'!A5 -> Orders signed outside a vendor's rules without spoken consent (target: zero) | G15: 20,000 random orders × 4 consent attacks; 1,200 property cases | L15: ='Pilot Measures'!C5 -> 0 of 72,218 attempts | O15: ='Pilot Measures'!D5 -> Met
B16: ='Pilot Measures'!A6 -> Attack test cases blocked by the Trust Gateway | G16: Impostor, injected doc, reverse calls, forged mandate, tamper sweep | L16: ='Pilot Measures'!C6 -> 70 of 70 blocked | O16: ='Pilot Measures'!D6 -> Met
B17: ='Pilot Measures'!A7 -> Share of orders settled within the vendor's rules with no vendor action | G17: In-rule orders under auto-accept sign with no vendor action | L17: ='Pilot Measures'!C7 -> 100% (804 orders) | O17: ='Pilot Measures'!D7 -> Proxy
B18: ='Pilot Measures'!A8 -> Share of listings accepted without a person editing them | G18: Guardian auto-approves listings built from her own facts | L18: ='Pilot Measures'!C8 -> Mechanism proven | O18: ='Pilot Measures'!D8 -> Proxy
B19: ='Pilot Measures'!A9 -> Vendor time from first contact to first live listing | G19: Chat-first onboarding passes end to end; not yet timed | L19: ='Pilot Measures'!C9 -> Not timed | O19: ='Pilot Measures'!D9 -> Pilot
B20: ='Pilot Measures'!A10 -> Disputes resolved using shared evidence, and time to resolve | G20: Quality & Disputes was first in the scope-cut order | L20: ='Pilot Measures'!C10 -> Not built | O20: ='Pilot Measures'!D10 -> Not in MVP
B22: Local in-process stack, model calls off or scripted, synthetic demo data. Real-model quality, vendor time to first listing and live auto-handled share need a pilot. Every number links to a detail tab; the Method tab has the commands to reproduce it.

Sheet Pilot Measures
A1: Approach §13 success measures: what the prototype proves today
A2: Measured = proven in the prototype. Proxy = mechanism proven, the real share needs real traffic. Pilot = needs real vendors.
A4: Success measure (solution approach §13) | B4: Prototype evidence | C4: Result | D4: Status | E4: What a pilot adds
A5: Orders signed outside a vendor's rules without spoken consent (target: zero) | B5: Guardian stress (20,000 orders, 4 attack modes each) + 1,200 Hypothesis cases | C5: ='Guardian Stress'!D15&" of "&TEXT('Guardian Stress'!D14,"#,##0")&" attempts" -> 0 of 72,218 attempts | D5: Met | E5: Same check on live orders; audit log makes it provable.
A6: Attack test cases blocked by the Trust Gateway | B6: Impostor (3 vectors), injected document, quarantine, 14 reverse-direction skills, forged mandate, 50-position tamper sweep | C6: =TEXT(Security!E15,"#,##0")&" of "&TEXT(Security!D15,"#,##0")&" blocked" -> 70 of 70 blocked | D6: Met | E6: Red-team with new attack types; Model Armor in place of heuristic screening.
A7: Share of orders settled within the vendor's rules with no vendor action | B7: Every in-rule order under auto-accept signs with no vendor action; e2e green path confirms | C7: =TEXT('Guardian Stress'!D18,"0%")&" ("&TEXT('Guardian Stress'!D17,"#,##0")&" orders)" -> 100% (804 orders) | D7: Proxy | E7: The real share depends on how vendors set their rules and buyers' order mix.
A8: Share of listings accepted without a person editing them | B8: Guardian approves listings built from her own facts within listing_rules (9 unit tests); Listing Enricher eval 14/14 | C8: Mechanism proven | D8: Proxy | E8: Count listings approved without edits across real vendors.
A9: Vendor time from first contact to first live listing | B9: Chat-first onboarding and listing flow passes end to end (tests/e2e) | C9: Not timed | D9: Pilot | E9: Time real vendors, by language and literacy level.
A10: Disputes resolved using shared evidence, and time to resolve | B10: Quality & Disputes was first in the scope cut order | C10: Not built | D10: Not in MVP | E10: Build after the pilot proves the order loop.

Sheet Guardian Stress
A1: Guardian stress test: 20,000 random orders checked against an independent oracle
A2: Script: guardian_stress.py (seed 2026). Each order meets a random standing mandate; the oracle is the independent restatement of the rules from tests/unit/guardian/test_guardian_properties.py.
A4: Metric | B4: Adversarial mix | C4: Realistic mix | D4: Total | E4: Target | F4: Status | G4: What it shows
A5: Orders generated | B5: 10000 | C5: 10000 | D5: =B5+C5 -> 20000 | G5: Adversarial: any SKU, unit, currency, buyer. Realistic: right SKU/unit, mostly approved buyer, terms near the limits.
A6: Green (inside rules, under auto-accept) | B6: 42 | C6: 762 | D6: =B6+C6 -> 804 | G6: Handled and signed with no vendor action.
A7: Amber (inside rules, needs vendor OK) | B7: 10 | C7: 356 | D7: =B7+C7 -> 366 | G7: Waits for the vendor's spoken yes.
A8: Red (outside rules → counter) | B8: 3834 | C8: 8384 | D8: =B8+C8 -> 12218 | G8: Guardian writes a counter-offer inside the rules.
A9: Decline | B9: 6114 | C9: 498 | D9: =B9+C9 -> 6612 | G9: Unknown SKU/unit, wrong currency or buyer not approved.
A10: Decisions matching the independent oracle | B10: 10000 | C10: 10000 | D10: =B10+C10 -> 20000 | G10: Inside / outside the mandate, decided two independent ways.
A11: Oracle agreement rate | B11: =B10/B5 -> 1 | C11: =C10/C5 -> 1 | D11: =D10/D5 -> 1 | E11: 1 | F11: =IF(D11>=E11,"Met","Missed") -> Met | G11: The deterministic Guardian gets every decision right.
A12: Red orders whose counter is inside the mandate | B12: 3834 | C12: 8384 | D12: =B12+C12 -> 12218 | G12: Counter re-evaluated: green or amber, version + 1.
A13: Counter-inside rate | B13: =B12/B8 -> 1 | C13: =C12/C8 -> 1 | D13: =D12/D8 -> 1 | E13: 1 | F13: =IF(D13>=E13,"Met","Missed") -> Met | G13: A counter never breaks the vendor's own rules.
A14: Signing attempts without valid consent | B14: 33834 | C14: 38384 | D14: =B14+C14 -> 72218 | G14: Per order: no consent, consent for other terms, another vendor's consent, consent for the counter.
A15: Of those, signed outside rules or over auto-accept | B15: 0 | C15: 0 | D15: =B15+C15 -> 0 | E15: 0 | F15: =IF(D15<=E15,"Met","Missed") -> Met | G15: Approach §13 target: zero.
A16: In-rule orders under auto-accept | B16: 42 | C16: 762 | D16: =B16+C16 -> 804 | G16: Orders the vendor's rules say need no action from her.
A17: Of those, signed with no vendor action | B17: 42 | C17: 762 | D17: =B17+C17 -> 804
A18: Auto-handle rate (in-rule, under auto-accept) | B18: =B17/B16 -> 1 | C18: =C17/C16 -> 1 | D18: =D17/D16 -> 1 | E18: 1 | F18: =IF(D18>=E18,"Met","Missed") -> Met | G18: Nothing inside her rules waits on her.
A19: Orders with matching consent (not declined) | B19: 3886 | C19: 9502 | D19: =B19+C19 -> 13388 | G19: Consent hash = sha256(canonical_json(exact proposal)).
A20: Of those, signed | B20: 3886 | C20: 9502 | D20: =B20+C20 -> 13388
A21: Consent honoured rate | B21: =B20/B19 -> 1 | C21: =C20/C19 -> 1 | D21: =D20/D19 -> 1 | E21: 1 | F21: =IF(D21>=E21,"Met","Missed") -> Met | G21: Her yes always takes effect; safety does not block real deals.
A22: Decision latency p50 (µs) | B22: 11.5 | C22: 15.5 | F22: Info | G22: Pure rules evaluation, no LLM call; Apple-silicon laptop.
A23: Decision latency p95 (µs) | B23: 20.8 | C23: 21.6 | F23: Info
A24: Decision latency p99 (µs) | B24: 24.1 | C24: 26.3 | D24: =MAX(B24:C24) -> 26.3 | F24: Info | G24: Worst of the two runs.
A26: Also covered by Hypothesis property tests in the suite: 4 properties × 300 generated cases = 1,200 cases per run (tests/unit/guardian/test_guardian_properties.py).

Sheet Security
A1: Trust Gateway and Guardian: attack attempts
A2: Every cross-tenant call goes through the gateway relay (deny by default); only the Guardian signs.
A4: No. | B4: Attack | C4: Observed result | D4: Attempts | E4: Blocked | F4: Block rate | G4: Status
A5: 1 | B5: Impostor asks for a token as Maya's agent with its own key | C5: 401 bad_signature; logged as a security event | D5: 1 | E5: 1 | F5: =E5/D5 -> 1 | G5: =IF(F5=1,"Blocked","Missed") -> Blocked
A6: 2 | B6: Impostor mints its own token and calls the relay | C6: 401 bad_token | D6: 1 | E6: 1 | F6: =E6/D6 -> 1 | G6: =IF(F6=1,"Blocked","Missed") -> Blocked
A7: 3 | B7: Impostor skips the gateway and calls the retailer's A2A endpoint | C7: not_from_gateway | D7: 1 | E7: 1 | F7: =E7/D7 -> 1 | G7: =IF(F7=1,"Blocked","Missed") -> Blocked
A8: 4 | B8: 'FSSAI licence' PDF with hidden prompt-injection instructions | C8: BLOCKED_BY_SCREENING; vendor quarantined | D8: 1 | E8: 1 | F8: =E8/D8 -> 1 | G8: =IF(F8=1,"Blocked","Missed") -> Blocked
A9: 5 | B9: Quarantined vendor's agent tries to continue onboarding | C9: quarantined | D9: 1 | E9: 1 | F9: =E9/D9 -> 1 | G9: =IF(F9=1,"Blocked","Missed") -> Blocked
A10: 6 | B10: Call each gateway skill from the wrong party (14 skills) | C10: out_of_scope for every skill | D10: 14 | E10: 14 | F10: =E10/D10 -> 1 | G10: =IF(F10=1,"Blocked","Missed") -> Blocked
A11: 7 | B11: Forged standing mandate (fake signature, payment days changed) | C11: SigningRefused | D11: 1 | E11: 1 | F11: =E11/D11 -> 1 | G11: =IF(F11=1,"Blocked","Missed") -> Blocked
A12: 8 | B12: Tamper with an audit record (each of 50 positions) | C12: /audit/verify reports exactly that seq | D12: 50 | E12: 50 | F12: =E12/D12 -> 1 | G12: =IF(F12=1,"Blocked","Missed") -> Blocked
A13: 9 | B13: Get an order signed with no, wrong or another vendor's consent | C13: 0 signatures outside her rules (see Guardian Stress) | D13: ='Guardian Stress'!D14 -> 72218 | E13: ='Guardian Stress'!D14-'Guardian Stress'!D15 -> 72218 | F13: =E13/D13 -> 1 | G13: =IF(F13=1,"Blocked","Missed") -> Blocked
B14: Total | D14: =SUM(D5:D13) -> 72288 | E14: =SUM(E5:E13) -> 72288 | F14: =E14/D14 -> 1 | G14: =IF(F14=1,"Blocked","Missed") -> Blocked
B15: Total excluding the 72k consent attempts | D15: =D14-D13 -> 70 | E15: =E14-E13 -> 70 | F15: =E15/D15 -> 1 | G15: =IF(F15=1,"Blocked","Missed") -> Blocked
B17: After the impostor attempts Maya's real agent stays active (unproven identity never triggers revocation); both denials are in the hash-chained audit log.

Sheet Tests
A1: Automated test suite and scripted checks
A2: uv run pytest -q --ignore=tests/evals → 305 passed in 11.9 s; scripts run in-process. Commit 0ec713d, 18 Oct 2026.
A4: Suite | B4: What it covers | C4: Tests | D4: Passed | E4: Pass rate | F4: Status
A5: Unit · Guardian | B5: Each reason code, counters, timezone, listing review, 4 Hypothesis properties | C5: 32 | D5: 32 | E5: =D5/C5 -> 1 | F5: =IF(E5=1,"Pass","Fail") -> Pass
A6: Unit · Trust Gateway | B6: Policy (deny by default), relay, tokens, audit chain, mandates, screening, scoring | C6: 54 | D6: 54 | E6: =D6/C6 -> 1 | F6: =IF(E6=1,"Pass","Fail") -> Pass
A7: Unit · Agents | B7: Registry, capability matching, Concierge, Orchestrator, channels | C7: 40 | D7: 40 | E7: =D7/C7 -> 1 | F7: =IF(E7=1,"Pass","Fail") -> Pass
A8: Unit · Human in the loop | B8: Liaison routing, reminders, escalation, expiry | C8: 16 | D8: 16 | E8: =D8/C8 -> 1 | F8: =IF(E8=1,"Pass","Fail") -> Pass
A9: Unit · Shared core (vl_core) | B9: Canonical JSON, schemas, config, i18n, crypto/signer, store, LLM, imaging, cloud adapters | C9: 94 | D9: 94 | E9: =D9/C9 -> 1 | F9: =IF(E9=1,"Pass","Fail") -> Pass
A10: Contract | B10: Every registered agent card: schema in / schema out | C10: 28 | D10: 28 | E10: =D10/C10 -> 1 | F10: =IF(E10=1,"Pass","Fail") -> Pass
A11: End-to-end | B11: Order loop, A→B switch, human loop, listing enrichment, control plane, demo scenes, API | C11: 39 | D11: 39 | E11: =D11/C11 -> 1 | F11: =IF(E11=1,"Pass","Fail") -> Pass
A12: Attack | B12: Impostor agent, injected document | C12: 2 | D12: 2 | E12: =D12/C12 -> 1 | F12: =IF(E12=1,"Pass","Fail") -> Pass
A13: Total (pytest) | C13: =SUM(C5:C12) -> 305 | D13: =SUM(D5:D12) -> 305 | E13: =D13/C13 -> 1 | F13: =IF(E13=1,"Pass","Fail") -> Pass
A15: Scripted checks
A16: Script | B16: What it proves | C16: Checks | D16: Passed | E16: Pass rate | F16: Status
A17: scripts/e2e_order_loop.py | B17: Hero order red → counter → Slack approval → spoken consent → Order Mandate; green and amber paths; audit chain of 59 records verifies | C17: 20 | D17: 20 | E17: =D17/C17 -> 1 | F17: =IF(E17=1,"Pass","Fail") -> Pass
A18: scripts/attack_impostor.py | B18: 3 impostor vectors blocked (bad signature, self-minted token, gateway bypass) | C18: 3 | D18: 3 | E18: =D18/C18 -> 1 | F18: =IF(E18=1,"Pass","Fail") -> Pass
A19: scripts/attack_injected_doc.py | B19: Hidden-instruction PDF blocked by screening; quarantined vendor cannot continue | C19: 2 | D19: 2 | E19: =D19/C19 -> 1 | F19: =IF(E19=1,"Pass","Fail") -> Pass
A20: scripts/api_check.py | B20: Every route of every service exercised (or streamed), no server errors | C20: 115 | D20: 115 | E20: =D20/C20 -> 1 | F20: =IF(E20=1,"Pass","Fail") -> Pass
A21: Audit tamper sweep (one-off) | B21: Tamper each of 50 records in turn → /audit/verify names exactly that seq | C21: 50 | D21: 50 | E21: =D21/C21 -> 1 | F21: =IF(E21=1,"Pass","Fail") -> Pass
A22: Guardian stress (one-off) | B22: 20,000 random orders vs. independent oracle (see Guardian Stress) | C22: 20000 | D22: 20000 | E22: =D22/C22 -> 1 | F22: =IF(E22=1,"Pass","Fail") -> Pass

Sheet Evals
A1: Specialist eval sets (pass mark 80%, CLAUDE.md)
A2: uv run pytest tests/evals -q -s, 18 Oct 2026. Offline run: model calls off or scripted, so this measures the agents' deterministic logic and output handling, not model quality.
A4: Specialist | B4: Capability | C4: Config | D4: Run? | E4: Cases | F4: Passed | G4: Score | H4: Pass mark | I4: Status | J4: Notes
A5: Label & Food-Safety Checker | B5: grade.label | C5: B | D5: Yes | E5: 10 | F5: 10 | G5: =IF(D5="Yes",F5/E5,"—") -> 1 | H5: 0.8 | I5: =IF(D5<>"Yes","Not run",IF(G5>=H5,"Pass","Fail")) -> Pass
A6: Catalogue Builder | B6: catalogue.build | C6: A, B | D6: Yes | E6: 10 | F6: 9 | G6: =IF(D6="Yes",F6/E6,"—") -> 0.9 | H6: 0.8 | I6: =IF(D6<>"Yes","Not run",IF(G6>=H6,"Pass","Fail")) -> Pass | J6: Failed case: rs_prefix. 9 of 10 answered by the deterministic parser (model off).
A7: Onboarding Verifier | B7: vendor.verify | C7: A, B | D7: Yes | E7: 10 | F7: 10 | G7: =IF(D7="Yes",F7/E7,"—") -> 1 | H7: 0.8 | I7: =IF(D7<>"Yes","Not run",IF(G7>=H7,"Pass","Fail")) -> Pass | J7: Against the simulated ID / bank / FSSAI / P-IRT registries.
A8: Supplier Compliance Auditor | B8: compliance.check | C8: B | D8: Yes | E8: 10 | F8: 10 | G8: =IF(D8="Yes",F8/E8,"—") -> 1 | H8: 0.8 | I8: =IF(D8<>"Yes","Not run",IF(G8>=H8,"Pass","Fail")) -> Pass
A9: Replenishment Planner | B9: order.create | C9: A | D9: Yes | E9: 8 | F9: 8 | G9: =IF(D9="Yes",F9/E9,"—") -> 1 | H9: 0.8 | I9: =IF(D9<>"Yes","Not run",IF(G9>=H9,"Pass","Fail")) -> Pass
A10: Catalogue Image Checker | B10: image.assess | C10: A | D10: Yes | E10: 14 | F10: 14 | G10: =IF(D10="Yes",F10/E10,"—") -> 1 | H10: 0.8 | I10: =IF(D10<>"Yes","Not run",IF(G10>=H10,"Pass","Fail")) -> Pass | J10: Scripted model reply; checks flag handling.
A11: Image Enhancer | B11: image.enhance | C11: A | D11: Yes | E11: 13 | F11: 13 | G11: =IF(D11="Yes",F11/E11,"—") -> 1 | H11: 0.8 | I11: =IF(D11<>"Yes","Not run",IF(G11>=H11,"Pass","Fail")) -> Pass | J11: Auto-enhance path; AI versions need IMAGE_MODEL.
A12: Listing Enricher | B12: listing.enrich | C12: A | D12: Yes | E12: 14 | F12: 14 | G12: =IF(D12="Yes",F12/E12,"—") -> 1 | H12: 0.8 | I12: =IF(D12<>"Yes","Not run",IF(G12>=H12,"Pass","Fail")) -> Pass | J12: Each fact tagged with its source; scripted model reply.
A13: Produce Grader | B13: grade.produce | C13: base | D13: No | E13: 10 | G13: =IF(D13="Yes",F13/E13,"—") -> — | H13: 0.8 | I13: =IF(D13<>"Yes","Not run",IF(G13>=H13,"Pass","Fail")) -> Not run | J13: Skipped: needs FLASH_MODEL and 10 seed photos.
A14: Craft Quality Checker | B14: grade.craft | C14: A | D14: No | E14: 10 | G14: =IF(D14="Yes",F14/E14,"—") -> — | H14: 0.8 | I14: =IF(D14<>"Yes","Not run",IF(G14>=H14,"Pass","Fail")) -> Not run | J14: Skipped: needs FLASH_MODEL and 10 seed photos.
A15: Total (sets run) | D15: =COUNTIF(D5:D14,"Yes")&" of "&COUNTA(D5:D14) -> 8 of 10 | E15: =SUMIF(D5:D14,"Yes",E5:E14) -> 89 | F15: =SUMIF(D5:D14,"Yes",F5:F14) -> 88 | G15: =F15/E15 -> 0.98876404 | H15: 0.8 | I15: =IF(G15>=H15,"Pass","Fail") -> Pass
A16: Sets at or above the pass mark | E16: =COUNTIF(D5:D14,"Yes") -> 8 | F16: =COUNTIF(I5:I14,"Pass") -> 8 | G16: =F16/E16 -> 1 | I16: =IF(G16=1,"Pass","Fail") -> Pass

Sheet Hero Order
A1: Hero order walk-through (config A, scripts/e2e_order_loop.py)
A2: Corporate gifting desk (store:hub-4) orders lavender candles from Maya. Values in INR.
A4: Term | B4: Requested (v1) | C4: Maya's rule | D4: Counter (v2) | E4: Guardian reason code
A5: Quantity (pieces) | B5: 50 | C5: ≤ 40 / day | D5: 40 | E5: QTY_OVER_DAILY_MAX
A6: Pickup (local time) | B6: 08:00 | C6: ≥ 10:00 | D6: 10:00 | E6: PICKUP_BEFORE_WINDOW
A7: Paid within (days) | B7: 45 | C7: ≤ 15 | D7: 15 | E7: PAYMENT_TOO_LATE
A8: Price per piece (₹) | B8: 220 | C8: ≥ 180 | D8: 220 | E8: — (inside rule)
A9: Order value (₹) | B9: =B5*B8 -> 11000 | C9: auto-accept ≤ 5,000 | D9: =D5*D8 -> 8800
A10: Value change of the counter | D10: =(D9-B9)/B9 -> -0.2
A11: Retailer limit for auto-accepting a counter | D11: 0.1 | E11: auto_accept_counter_max_delta
A12: Retailer side outcome | D12: =IF(ABS(D10)>D11,"Approval queue","Auto-accept") -> Approval queue | E12: Buyer asked on Slack by the Liaison
A13: Vendor side outcome | D13: =IF(D9>5000,"Needs Maya","Auto-sign") -> Needs Maya | E13: Read-back in Telugu, she says అవును (yes)
A15: Steps verified by the script (20 of 20 checks pass)
A16: Step | B16: Result
A17: 1. Guardian evaluates v1 | B17: red, exactly the 3 reason codes above
A18: 2. Counter created as v2 | B18: 40 @ 10:00, 15 days, price unchanged
A19: 3. Counter outside retailer policy | B19: 20% value change > 10% limit → approval queue
A20: 4. Human Liaison asks the buyer on Slack | B20: buyer's reply read; counter accepted
A21: 5. Read-back to Maya; she says yes | B21: Guardian signs v2 with consent hash of v2
A22: 6. Retailer signs | B22: Order Mandate filed at the gateway, cites her consent
A23: Green path: 10 candles @ 11:00 | B23: confirmed without asking Maya (0 vendor actions)
A24: Amber path: 30 candles @ 12:00 | B24: waits for Maya; 'వద్దు' (no) signs nothing
A25: Audit | B25: chain of 59 records verifies; each carries the active config hash

Sheet Config & Architecture
A1: Configuration, not code: the A → B switch and rule conformance
A2: A preset swaps four references (business profile, retailer profile, country pack, retailer policy). Checked by tests/e2e/test_config_switch.py.
B4: Config A | C4: Config B
A5: Business type | B5: Handmade gifts (candles, home décor) | C5: Packaged food
A6: Country | B6: India | C6: Indonesia
A7: Languages | B7: Telugu, English | C7: Bahasa Indonesia
A8: Currency | B8: INR | C8: IDR
A9: Registry / compliance | B9: None (not food) | C9: P-IRT number, halal
A10: Retailer type | B10: Corporate gifting buyer | C10: Grocery chain
A11: Specialists loaded | B11: Craft Quality Checker, Ordering (order.create) | C11: Label & Food-Safety Checker, Supplier Compliance Auditor
A12: Demo proof | B12: Maya's hero order: red → counter → signed | C12: Sara's label missing P-IRT number flagged
A14: Conformance checks (static, on the codebase)
A15: Check | B15: How | C15: Result | D15: Target
A16: Core code changed to switch A → B | B16: Preset only; core agents untouched | C16: 0 | D16: 0
A17: Hard-coded business-type or country branches | B17: grep agents/ services/ packages/ for business/country == | C17: 0 | D17: 0
A18: LLM calls inside the Guardian | B18: grep agents/core/guardian/ for llm / genai / adk | C18: 0 | D18: 0
A19: Direct vendor-svc ↔ retailer-svc references | B19: grep each service for the other | C19: 0 | D19: 0
A20: Update/delete paths on the audit log | B20: grep trust_gateway for audit update/delete | C20: 0 | D20: 0
A21: Gateway skills with an explicit policy entry | B21: SKILL_POLICY in trust_gateway/policy.py | C21: 14 | D21: —
A22: Agents, all called by capability | B22: config/agents.json: 4 core, 3 channel, 11 specialists | C22: 18 | D22: —
A23: Business types · retailer types · country packs | B23: config/ files | C23: 3 · 3 · 2 | D23: —
A24: Languages with full UI strings | B24: config/i18n (te, en, id) | C24: 3 | D24: —

Sheet Method
A1: How these numbers were produced
A2: Reproduce any number with the commands below on commit 0ec713d.
A4: Item | B4: Detail
A5: Run date | B5: 18 Oct 2026
A6: Code | B6: VendorLink main @ 0ec713d (clean tree)
A7: Environment | B7: Local, in-process: VL_STORE=memory, VL_SIGNER=local, VL_SCREEN=heuristic, VL_CHANNELS=local (Slack via a fake MCP server), model calls off or scripted
A8: Data | B8: All vendors, retailers and registries are synthetic or simulated (as the apps say)
A9: Test suite | B9: uv run pytest -q --ignore=tests/evals → 305 passed, 0 failed (11.9 s)
A10: Evals | B10: uv run pytest tests/evals -q -s → 8 sets run, 2 skipped (need FLASH_MODEL and seed photos)
A11: Order loop | B11: uv run python scripts/e2e_order_loop.py → ORDER LOOP PASSED, 20/20 checks, ~0.6 s
A12: Attacks | B12: uv run python scripts/attack_impostor.py ; uv run python scripts/attack_injected_doc.py → both BLOCKED
A13: API coverage | B13: uv run python scripts/api_check.py → 115 routes, all exercised or streamed, no server errors
A14: Guardian stress | B14: One-off script (seed 2026): 10,000 adversarial + 10,000 realistic orders against random standing mandates; each order also tried with no consent, wrong-terms consent, another vendor's consent and counter consent; compared with the independent oracle from the property tests
A15: Tamper sweep | B15: One-off pytest on the gateway test fixture: 50 audit records, tamper each seq in turn, /audit/verify must report exactly that seq → 50/50
... A17: Not measured | B17: Model quality on real photos and speech (needs real-model evals), vendor time to first listing, real auto-handled share, disputes
